LINEAGE,0
Generation,0
# of Cells,1,0.0
Generation,1
# of Cells,2,50.0,50.0,
Generation,2
# of Cells,4,63.65679102115735,86.34320897884264,87.70632842825003,62.29367157174997,
Generation,3
# of Cells,8,67.16151153143618,96.49527948972117,95.19927711102551,92.50705131722452,92.16536331519016,94.17784566365248,90.64221124625024,71.65146032549971,
Generation,4
# of Cells,16,69.25537503211395,97.90613649932223,96.10385189199879,99.09542521902674,95.5153824888264,96.64998082636376,94.12144367502161,96.52076757122863,100.0,96.49527948972117,93.04613530441327,99.46091601281125,96.66634719947322,97.51149846417927,97.76590125376487,73.88555907173485,
Generation,5
# of Cells,32,70.46947893371323,98.78589609840071,99.50965588316505,96.59419600883373,97.96456858846653,97.55081390035986,96.1500618786408,97.97138179638083,100.0,100.0,98.3588802997959,94.68725500461737,97.14537361845677,99.52097358101645,98.88076685470486,98.88513439906001,97.90613649932223,100.0,99.09542521902674,100.0,97.50690027639452,99.14308054996924,99.56620501447425,96.95456255675438,96.49527948972117,100.0,100.0,99.46091601281125,99.32766683226339,98.18383163191588,100.0,73.88555907173485,
Generation,6
# of Cells,64,70.46947893371323,100.0,99.50965588316505,100.0,97.96456858846653,100.0,97.8101303937928,98.33993148484798,100.0,100.0,99.13023839039542,99.22864190940048,98.73829779256555,98.40707582589123,100.0,98.88076685470486,97.90613649932223,100.0,100.0,99.09542521902674,100.0,97.50690027639452,100.0,99.56620501447425,99.04332725830095,97.45195223142022,100.0,100.0,100.0,99.32766683226339,100.0,100.0,98.78589609840071,100.0,97.80829991043302,98.78589609840071,97.55081390035986,100.0,97.97138179638083,100.0,100.0,100.0,98.86914336943981,95.81811163517754,99.52097358101645,100.0,100.0,98.88513439906001,100.0,100.0,100.0,100.0,100.0,99.14308054996924,100.0,96.95456255675438,100.0,100.0,100.0,99.46091601281125,100.0,98.18383163191588,99.29869723285587,74.58686183887897,
Generation,7
# of Cells,128,72.5582436352598,97.91123529845345,99.50965588316505,100.0,98.86914336943981,99.09542521902674,100.0,97.8101303937928,100.0,100.0,99.52097358101645,99.60926480937897,99.22864190940048,99.50965588316505,100.0,100.0,98.33993148484798,99.56620501447425,100.0,100.0,100.0,100.0,100.0,100.0,99.04332725830095,100.0,100.0,100.0,100.0,100.0,100.0,100.0,98.78589609840071,100.0,98.48063307816963,99.32766683226339,99.60926480937897,97.9415490909809,100.0,97.97138179638083,100.0,100.0,100.0,98.86914336943981,100.0,99.52097358101645,100.0,100.0,100.0,100.0,100.0,100.0,100.0,100.0,100.0,100.0,100.0,100.0,100.0,100.0,100.0,100.0,99.29869723285587,100.0,100.0,100.0,100.0,100.0,100.0,100.0,98.33993148484798,100.0,100.0,100.0,99.22864190940048,100.0,100.0,98.40707582589123,98.88076685470486,100.0,100.0,100.0,99.09542521902674,100.0,98.66704984382356,98.83985043257096,100.0,99.56620501447425,98.57118537671536,98.88076685470486,100.0,100.0,99.32766683226339,100.0,100.0,100.0,100.0,100.0,98.78589609840071,100.0,100.0,100.0,100.0,100.0,100.0,100.0,100.0,95.81811163517754,100.0,100.0,100.0,98.88513439906001,100.0,100.0,100.0,100.0,100.0,99.14308054996924,100.0,96.95456255675438,100.0,100.0,99.46091601281125,100.0,99.29869723285587,98.88513439906001,100.0,74.58686183887897,
Generation,8
# of Cells,256,74.58686183887897,97.97138179638083,99.50965588316505,100.0,98.86914336943981,100.0,100.0,100.0,100.0,100.0,100.0,99.52097358101645,100.0,99.22864190940048,100.0,100.0,98.33993148484798,100.0,100.0,100.0,100.0,100.0,100.0,100.0,99.04332725830095,100.0,100.0,100.0,100.0,100.0,100.0,100.0,98.78589609840071,100.0,98.48063307816963,100.0,100.0,99.60926480937897,100.0,100.0,100.0,100.0,100.0,100.0,100.0,100.0,100.0,100.0,100.0,100.0,100.0,100.0,100.0,100.0,100.0,100.0,100.0,100.0,100.0,100.0,100.0,100.0,99.29869723285587,100.0,100.0,100.0,100.0,100.0,100.0,100.0,98.33993148484798,100.0,100.0,100.0,99.22864190940048,100.0,100.0,100.0,100.0,98.88076685470486,100.0,100.0,99.09542521902674,100.0,100.0,98.66704984382356,100.0,100.0,98.57118537671536,100.0,100.0,100.0,99.32766683226339,100.0,100.0,100.0,100.0,100.0,100.0,98.78589609840071,100.0,100.0,100.0,100.0,100.0,100.0,100.0,100.0,100.0,100.0,100.0,100.0,100.0,100.0,100.0,100.0,100.0,100.0,100.0,100.0,100.0,100.0,99.46091601281125,100.0,99.29869723285587,100.0,100.0,100.0,100.0,97.91123529845345,100.0,100.0,99.09542521902674,100.0,99.14308054996924,98.66704984382356,100.0,100.0,99.60926480937897,100.0,99.50965588316505,100.0,100.0,100.0,100.0,99.56620501447425,100.0,100.0,100.0,100.0,100.0,100.0,100.0,100.0,100.0,100.0,100.0,100.0,100.0,100.0,100.0,100.0,100.0,99.32766683226339,100.0,97.9415490909809,97.97138179638083,100.0,100.0,100.0,100.0,98.86914336943981,100.0,99.52097358101645,100.0,100.0,100.0,100.0,100.0,100.0,100.0,100.0,100.0,100.0,100.0,100.0,100.0,100.0,100.0,100.0,100.0,100.0,100.0,100.0,100.0,100.0,100.0,100.0,100.0,100.0,100.0,100.0,100.0,100.0,98.40707582589123,100.0,100.0,100.0,100.0,100.0,100.0,100.0,100.0,98.83985043257096,99.56620501447425,100.0,100.0,98.88076685470486,100.0,100.0,100.0,100.0,100.0,100.0,100.0,100.0,100.0,100.0,100.0,100.0,100.0,100.0,100.0,100.0,98.57118537671536,97.24692625846218,100.0,100.0,100.0,98.88513439906001,100.0,100.0,100.0,100.0,100.0,99.14308054996924,97.91123529845345,99.04332725830095,100.0,100.0,100.0,100.0,98.88513439906001,100.0,100.0,74.58686183887897,
Generation,9
# of Cells,512,74.58686183887897,100.0,99.50965588316505,100.0,98.86914336943981,100.0,100.0,100.0,100.0,100.0,100.0,100.0,100.0,100.0,100.0,100.0,100.0,98.33993148484798,100.0,100.0,100.0,100.0,100.0,100.0,99.04332725830095,100.0,100.0,100.0,100.0,100.0,100.0,100.0,98.78589609840071,100.0,98.48063307816963,100.0,100.0,100.0,100.0,100.0,100.0,100.0,100.0,100.0,100.0,100.0,100.0,100.0,100.0,100.0,100.0,100.0,100.0,100.0,100.0,100.0,100.0,100.0,100.0,100.0,100.0,100.0,99.29869723285587,100.0,100.0,100.0,100.0,100.0,100.0,100.0,100.0,98.33993148484798,100.0,100.0,99.22864190940048,100.0,100.0,100.0,100.0,100.0,100.0,100.0,99.09542521902674,100.0,100.0,100.0,100.0,100.0,100.0,98.57118537671536,100.0,100.0,99.32766683226339,100.0,100.0,100.0,100.0,100.0,100.0,100.0,100.0,100.0,100.0,100.0,100.0,100.0,100.0,100.0,100.0,100.0,100.0,100.0,100.0,100.0,100.0,100.0,100.0,100.0,100.0,100.0,100.0,100.0,100.0,99.46091601281125,99.29869723285587,100.0,100.0,100.0,100.0,100.0,100.0,100.0,100.0,99.09542521902674,100.0,99.14308054996924,100.0,100.0,100.0,99.60926480937897,100.0,99.50965588316505,100.0,100.0,100.0,100.0,100.0,100.0,100.0,100.0,100.0,100.0,100.0,100.0,100.0,100.0,100.0,100.0,100.0,100.0,100.0,100.0,100.0,100.0,100.0,100.0,100.0,97.97138179638083,100.0,100.0,100.0,100.0,100.0,100.0,100.0,100.0,100.0,100.0,100.0,100.0,100.0,100.0,100.0,100.0,100.0,100.0,100.0,100.0,100.0,100.0,100.0,100.0,100.0,100.0,100.0,100.0,100.0,100.0,100.0,100.0,100.0,100.0,100.0,100.0,100.0,98.40707582589123,100.0,100.0,100.0,100.0,100.0,100.0,100.0,100.0,99.56620501447425,100.0,100.0,100.0,100.0,100.0,100.0,100.0,100.0,100.0,100.0,100.0,100.0,100.0,100.0,100.0,100.0,100.0,100.0,100.0,98.57118537671536,100.0,100.0,100.0,100.0,100.0,100.0,100.0,100.0,100.0,100.0,100.0,100.0,97.91123529845345,100.0,100.0,100.0,100.0,100.0,98.88513439906001,100.0,100.0,100.0,97.97138179638083,100.0,100.0,100.0,100.0,100.0,100.0,100.0,100.0,100.0,99.52097358101645,99.22864190940048,100.0,100.0,100.0,100.0,100.0,100.0,100.0,100.0,100.0,100.0,100.0,100.0,100.0,100.0,100.0,100.0,100.0,100.0,100.0,100.0,100.0,100.0,100.0,100.0,99.60926480937897,100.0,100.0,100.0,100.0,100.0,100.0,100.0,100.0,100.0,100.0,100.0,100.0,100.0,100.0,100.0,100.0,100.0,100.0,100.0,100.0,100.0,100.0,100.0,100.0,100.0,100.0,100.0,100.0,100.0,100.0,100.0,100.0,100.0,100.0,100.0,100.0,100.0,100.0,100.0,100.0,100.0,98.88076685470486,100.0,100.0,100.0,100.0,100.0,98.66704984382356,100.0,100.0,100.0,100.0,100.0,100.0,100.0,100.0,100.0,100.0,100.0,100.0,98.78589609840071,100.0,100.0,100.0,100.0,100.0,100.0,100.0,100.0,100.0,100.0,100.0,100.0,100.0,100.0,100.0,100.0,100.0,100.0,100.0,100.0,100.0,100.0,100.0,100.0,100.0,100.0,100.0,100.0,100.0,97.91123529845345,100.0,100.0,100.0,100.0,100.0,100.0,98.66704984382356,100.0,100.0,100.0,100.0,100.0,100.0,100.0,100.0,99.56620501447425,100.0,100.0,100.0,100.0,100.0,100.0,100.0,100.0,100.0,100.0,100.0,100.0,100.0,100.0,100.0,100.0,100.0,99.32766683226339,100.0,98.48063307816963,99.46091601281125,100.0,100.0,100.0,100.0,100.0,98.86914336943981,99.52097358101645,100.0,100.0,100.0,100.0,100.0,100.0,100.0,100.0,100.0,100.0,100.0,100.0,100.0,100.0,100.0,100.0,100.0,100.0,100.0,100.0,100.0,100.0,100.0,100.0,100.0,100.0,100.0,100.0,100.0,100.0,100.0,100.0,100.0,100.0,100.0,100.0,100.0,100.0,100.0,100.0,98.83985043257096,100.0,100.0,100.0,98.88076685470486,100.0,100.0,100.0,100.0,100.0,100.0,100.0,100.0,100.0,100.0,100.0,100.0,100.0,100.0,100.0,100.0,98.83985043257096,98.40707582589123,100.0,100.0,98.88513439906001,100.0,100.0,100.0,100.0,100.0,99.14308054996924,100.0,100.0,99.04332725830095,100.0,100.0,100.0,100.0,100.0,100.0,100.0,74.58686183887897,
Generation,10
# of Cells,1024,74.58686183887897,100.0,99.50965588316505,100.0,98.86914336943981,100.0,100.0,100.0,100.0,100.0,100.0,100.0,100.0,100.0,100.0,100.0,100.0,100.0,100.0,100.0,100.0,100.0,100.0,100.0,100.0,99.04332725830095,100.0,100.0,100.0,100.0,100.0,100.0,100.0,98.78589609840071,98.48063307816963,100.0,100.0,100.0,100.0,100.0,100.0,100.0,100.0,100.0,100.0,100.0,100.0,100.0,100.0,100.0,100.0,100.0,100.0,100.0,100.0,100.0,100.0,100.0,100.0,100.0,100.0,100.0,99.29869723285587,100.0,100.0,100.0,100.0,100.0,100.0,100.0,100.0,100.0,100.0,100.0,100.0,99.22864190940048,100.0,100.0,100.0,100.0,100.0,100.0,99.09542521902674,100.0,100.0,100.0,100.0,100.0,100.0,100.0,100.0,100.0,100.0,99.32766683226339,100.0,100.0,100.0,100.0,100.0,100.0,100.0,100.0,100.0,100.0,100.0,100.0,100.0,100.0,100.0,100.0,100.0,100.0,100.0,100.0,100.0,100.0,100.0,100.0,100.0,100.0,100.0,100.0,100.0,100.0,99.29869723285587,100.0,100.0,100.0,100.0,100.0,100.0,100.0,100.0,100.0,100.0,100.0,100.0,100.0,100.0,100.0,100.0,100.0,100.0,100.0,100.0,100.0,100.0,100.0,100.0,100.0,100.0,100.0,100.0,100.0,100.0,100.0,100.0,100.0,100.0,100.0,100.0,100.0,100.0,100.0,100.0,100.0,100.0,100.0,100.0,100.0,100.0,100.0,100.0,100.0,100.0,100.0,100.0,100.0,100.0,100.0,100.0,100.0,100.0,100.0,100.0,100.0,100.0,100.0,100.0,100.0,100.0,100.0,100.0,100.0,100.0,100.0,100.0,100.0,100.0,100.0,100.0,100.0,100.0,100.0,100.0,100.0,100.0,100.0,100.0,100.0,100.0,100.0,100.0,100.0,100.0,99.56620501447425,100.0,100.0,100.0,100.0,100.0,100.0,100.0,100.0,100.0,100.0,100.0,100.0,100.0,100.0,100.0,100.0,100.0,100.0,100.0,98.57118537671536,100.0,100.0,100.0,100.0,100.0,100.0,100.0,100.0,100.0,100.0,100.0,100.0,100.0,100.0,100.0,100.0,100.0,100.0,100.0,100.0,100.0,100.0,100.0,100.0,100.0,100.0,100.0,100.0,100.0,100.0,100.0,100.0,100.0,99.22864190940048,100.0,100.0,100.0,100.0,100.0,100.0,100.0,100.0,100.0,100.0,100.0,100.0,100.0,100.0,100.0,100.0,100.0,100.0,100.0,100.0,100.0,100.0,100.0,100.0,100.0,100.0,100.0,100.0,100.0,100.0,100.0,100.0,100.0,100.0,100.0,100.0,100.0,100.0,100.0,100.0,100.0,100.0,100.0,100.0,100.0,100.0,100.0,100.0,100.0,100.0,100.0,100.0,100.0,100.0,100.0,100.0,100.0,100.0,100.0,100.0,100.0,100.0,100.0,100.0,100.0,100.0,100.0,100.0,100.0,100.0,100.0,100.0,100.0,100.0,100.0,100.0,100.0,100.0,100.0,100.0,100.0,100.0,100.0,100.0,98.78589609840071,100.0,100.0,100.0,100.0,100.0,100.0,100.0,100.0,100.0,100.0,100.0,100.0,100.0,100.0,100.0,100.0,100.0,100.0,100.0,100.0,100.0,100.0,100.0,100.0,100.0,100.0,100.0,100.0,100.0,97.91123529845345,100.0,100.0,100.0,100.0,100.0,100.0,100.0,100.0,100.0,100.0,100.0,100.0,100.0,100.0,100.0,100.0,99.56620501447425,100.0,100.0,100.0,100.0,100.0,100.0,100.0,100.0,100.0,100.0,100.0,100.0,100.0,100.0,100.0,100.0,100.0,99.32766683226339,98.48063307816963,100.0,100.0,100.0,100.0,100.0,100.0,100.0,100.0,99.52097358101645,100.0,100.0,100.0,100.0,100.0,100.0,100.0,100.0,100.0,100.0,100.0,100.0,100.0,100.0,100.0,100.0,100.0,100.0,100.0,100.0,100.0,100.0,100.0,100.0,100.0,100.0,100.0,100.0,100.0,100.0,100.0,100.0,100.0,100.0,100.0,100.0,100.0,100.0,100.0,100.0,100.0,100.0,100.0,100.0,100.0,100.0,100.0,100.0,100.0,100.0,100.0,100.0,100.0,100.0,100.0,100.0,100.0,100.0,100.0,100.0,98.83985043257096,100.0,100.0,100.0,98.88513439906001,100.0,100.0,100.0,100.0,100.0,100.0,99.14308054996924,100.0,100.0,100.0,100.0,100.0,100.0,100.0,100.0,100.0,100.0,100.0,100.0,100.0,100.0,100.0,100.0,100.0,100.0,100.0,100.0,100.0,100.0,100.0,100.0,100.0,100.0,100.0,98.33993148484798,100.0,100.0,100.0,100.0,100.0,100.0,100.0,100.0,100.0,100.0,100.0,100.0,100.0,100.0,100.0,100.0,100.0,100.0,100.0,100.0,100.0,100.0,100.0,100.0,100.0,100.0,100.0,100.0,100.0,100.0,100.0,100.0,100.0,100.0,100.0,100.0,100.0,100.0,100.0,100.0,100.0,100.0,100.0,100.0,100.0,100.0,100.0,100.0,100.0,100.0,100.0,100.0,100.0,98.33993148484798,100.0,100.0,100.0,100.0,100.0,100.0,100.0,100.0,100.0,100.0,100.0,100.0,100.0,100.0,100.0,100.0,100.0,98.57118537671536,100.0,100.0,100.0,100.0,100.0,100.0,100.0,100.0,100.0,100.0,100.0,100.0,100.0,100.0,100.0,100.0,100.0,100.0,100.0,100.0,100.0,100.0,100.0,100.0,100.0,100.0,100.0,100.0,100.0,100.0,100.0,100.0,99.46091601281125,100.0,100.0,100.0,100.0,100.0,100.0,100.0,100.0,100.0,100.0,99.09542521902674,100.0,99.14308054996924,100.0,100.0,100.0,99.60926480937897,99.50965588316505,100.0,100.0,100.0,100.0,100.0,100.0,100.0,100.0,100.0,100.0,100.0,100.0,100.0,100.0,100.0,100.0,100.0,100.0,100.0,100.0,100.0,100.0,100.0,100.0,100.0,100.0,97.97138179638083,100.0,100.0,100.0,100.0,100.0,100.0,100.0,100.0,100.0,100.0,100.0,100.0,100.0,100.0,100.0,100.0,100.0,100.0,100.0,100.0,100.0,100.0,100.0,100.0,100.0,100.0,100.0,100.0,100.0,100.0,100.0,100.0,100.0,100.0,100.0,100.0,98.40707582589123,100.0,100.0,100.0,100.0,100.0,100.0,100.0,100.0,100.0,100.0,100.0,100.0,100.0,100.0,100.0,100.0,100.0,100.0,100.0,100.0,100.0,100.0,100.0,100.0,100.0,100.0,100.0,100.0,100.0,100.0,100.0,100.0,100.0,100.0,100.0,100.0,100.0,100.0,100.0,100.0,100.0,100.0,97.91123529845345,100.0,100.0,100.0,100.0,100.0,98.88513439906001,100.0,100.0,100.0,97.97138179638083,100.0,100.0,100.0,100.0,100.0,100.0,100.0,100.0,100.0,99.52097358101645,100.0,100.0,100.0,100.0,100.0,100.0,100.0,100.0,100.0,100.0,100.0,100.0,100.0,100.0,100.0,100.0,100.0,100.0,100.0,100.0,100.0,100.0,100.0,100.0,100.0,99.60926480937897,100.0,100.0,100.0,100.0,100.0,100.0,100.0,100.0,100.0,100.0,100.0,100.0,100.0,100.0,100.0,100.0,100.0,100.0,100.0,100.0,100.0,100.0,100.0,100.0,100.0,100.0,100.0,100.0,100.0,100.0,100.0,100.0,100.0,100.0,100.0,100.0,100.0,100.0,100.0,100.0,98.88076685470486,100.0,100.0,100.0,100.0,100.0,98.66704984382356,100.0,100.0,100.0,100.0,100.0,100.0,100.0,100.0,100.0,100.0,100.0,100.0,100.0,100.0,100.0,100.0,100.0,100.0,100.0,100.0,100.0,100.0,100.0,100.0,100.0,100.0,100.0,100.0,100.0,100.0,100.0,100.0,100.0,100.0,100.0,100.0,100.0,100.0,100.0,100.0,100.0,100.0,100.0,100.0,100.0,100.0,100.0,100.0,100.0,98.66704984382356,100.0,100.0,100.0,100.0,100.0,100.0,100.0,100.0,100.0,100.0,100.0,100.0,100.0,100.0,100.0,100.0,100.0,100.0,100.0,100.0,100.0,100.0,100.0,100.0,100.0,100.0,100.0,100.0,100.0,99.46091601281125,100.0,100.0,100.0,100.0,100.0,100.0,98.86914336943981,100.0,100.0,100.0,100.0,100.0,100.0,100.0,100.0,100.0,100.0,100.0,100.0,100.0,100.0,100.0,100.0,100.0,100.0,100.0,100.0,100.0,100.0,100.0,100.0,100.0,100.0,100.0,100.0,100.0,100.0,100.0,100.0,100.0,100.0,100.0,100.0,100.0,100.0,100.0,100.0,98.83985043257096,100.0,100.0,100.0,100.0,98.88076685470486,100.0,100.0,100.0,100.0,100.0,100.0,100.0,100.0,100.0,100.0,100.0,100.0,100.0,100.0,100.0,100.0,100.0,98.40707582589123,100.0,100.0,100.0,100.0,100.0,100.0,100.0,100.0,100.0,100.0,99.04332725830095,100.0,100.0,100.0,100.0,100.0,100.0,100.0,100.0,74.58686183887897,
LINEAGE,1
Generation,0
# of Cells,1,0.0
Generation,1
# of Cells,2,50.0,50.0,
Generation,2
# of Cells,4,57.159596861384266,92.84040313861574,90.44006743782334,59.559932562176655,
Generation,3
# of Cells,8,65.82049946221149,91.33909739917277,95.13303601187978,95.30703142594356,95.44942593802324,97.39097720059249,91.67849198305706,67.88144057911958,
Generation,4
# of Cells,16,67.952507623509,97.86799183870248,97.4353567038747,97.69767930800506,97.32691218188512,98.12251375613812,96.9492591966763,94.72923278638076,96.07808565310988,95.26101174606289,96.59774586150009,98.70928556444348,98.78589609840071,98.60508110219179,98.0898978875486,69.79154269157098,
Generation,5
# of Cells,32,72.98860227460028,94.96390534890872,99.09542521902674,98.33993148484798,99.14308054996924,98.18383163191588,97.72061728727581,99.22864190940048,96.07808565310988,100.0,99.29869723285587,97.2990486286442,100.0,98.78589609840071,98.0898978875486,100.0,97.86799183870248,100.0,98.17670572698862,99.52097358101645,98.89387184673764,99.22864190940048,96.4824206751688,98.24681211121197,98.48063307816963,96.78037866789326,99.56620501447425,99.14308054996924,99.50965588316505,99.09542521902674,98.40707582589123,71.38446686567974,
Generation,6
# of Cells,64,73.46762869358383,99.52097358101645,100.0,99.09542521902674,100.0,99.14308054996924,97.72061728727581,100.0,96.07808565310988,100.0,99.29869723285587,100.0,100.0,100.0,100.0,98.0898978875486,98.40707582589123,99.46091601281125,99.50965588316505,98.66704984382356,98.89387184673764,100.0,96.4824206751688,100.0,100.0,98.48063307816963,100.0,99.56620501447425,99.50965588316505,100.0,98.40707582589123,100.0,98.6525920676799,96.3113132812288,98.33993148484798,100.0,98.88513439906001,99.29869723285587,100.0,99.22864190940048,100.0,100.0,97.97138179638083,99.32766683226339,100.0,98.78589609840071,100.0,100.0,100.0,100.0,100.0,99.52097358101645,100.0,99.22864190940048,98.24681211121197,100.0,98.86914336943981,97.91123529845345,100.0,99.14308054996924,99.09542521902674,100.0,97.92846165736096,73.45600520831879,
Generation,7
# of Cells,128,73.46762869358383,100.0,100.0,100.0,100.0,100.0,98.88076685470486,98.83985043257096,97.41103580928632,98.66704984382356,99.29869723285587,100.0,100.0,100.0,100.0,100.0,100.0,98.40707582589123,99.50965588316505,100.0,99.56620501447425,99.32766683226339,100.0,96.4824206751688,100.0,100.0,100.0,100.0,100.0,99.50965588316505,100.0,98.40707582589123,99.60926480937897,99.04332725830095,100.0,98.33993148484798,100.0,98.88513439906001,100.0,100.0,100.0,100.0,100.0,97.97138179638083,100.0,100.0,100.0,100.0,100.0,100.0,100.0,100.0,100.0,100.0,99.46091601281125,98.78589609840071,98.86914336943981,100.0,100.0,100.0,100.0,99.09542521902674,98.88513439906001,99.04332725830095,99.52097358101645,100.0,99.09542521902674,100.0,99.14308054996924,100.0,100.0,100.0,100.0,100.0,100.0,100.0,100.0,100.0,98.0898978875486,100.0,100.0,99.46091601281125,98.66704984382356,100.0,100.0,100.0,100.0,100.0,100.0,98.48063307816963,100.0,99.56620501447425,100.0,100.0,100.0,100.0,96.3113132812288,100.0,100.0,100.0,99.29869723285587,100.0,99.22864190940048,100.0,100.0,100.0,99.32766683226339,100.0,100.0,98.78589609840071,100.0,100.0,100.0,100.0,99.52097358101645,100.0,99.22864190940048,100.0,100.0,100.0,97.91123529845345,100.0,99.14308054996924,100.0,100.0,100.0,98.86914336943981,74.58686183887897,
Generation,8
# of Cells,256,74.58686183887897,98.88076685470486,100.0,100.0,100.0,100.0,98.88076685470486,100.0,100.0,97.41103580928632,100.0,99.29869723285587,100.0,100.0,100.0,100.0,100.0,100.0,99.50965588316505,100.0,100.0,99.56620501447425,100.0,100.0,100.0,100.0,100.0,100.0,100.0,100.0,100.0,100.0,99.60926480937897,100.0,100.0,100.0,100.0,100.0,100.0,100.0,100.0,100.0,100.0,100.0,100.0,100.0,100.0,100.0,100.0,100.0,100.0,100.0,100.0,100.0,99.46091601281125,100.0,98.86914336943981,100.0,100.0,100.0,100.0,100.0,98.88513439906001,100.0,100.0,99.52097358101645,99.09542521902674,100.0,99.14308054996924,100.0,100.0,100.0,100.0,100.0,100.0,100.0,100.0,100.0,99.60926480937897,98.48063307816963,100.0,100.0,100.0,98.66704984382356,100.0,100.0,100.0,100.0,100.0,100.0,100.0,100.0,100.0,100.0,100.0,100.0,97.97138179638083,98.33993148484798,100.0,100.0,100.0,99.29869723285587,100.0,99.22864190940048,100.0,100.0,100.0,99.32766683226339,100.0,100.0,100.0,100.0,100.0,100.0,99.52097358101645,100.0,100.0,99.22864190940048,100.0,100.0,100.0,97.91123529845345,99.14308054996924,100.0,100.0,100.0,98.86914336943981,100.0,100.0,100.0,100.0,100.0,100.0,100.0,100.0,98.83985043257096,100.0,98.66704984382356,100.0,100.0,100.0,100.0,100.0,100.0,98.40707582589123,100.0,100.0,100.0,100.0,99.32766683226339,100.0,96.4824206751688,100.0,100.0,100.0,100.0,100.0,99.50965588316505,98.40707582589123,100.0,100.0,99.04332725830095,100.0,98.33993148484798,98.88513439906001,100.0,100.0,100.0,100.0,100.0,97.97138179638083,100.0,100.0,100.0,100.0,100.0,100.0,100.0,100.0,100.0,100.0,100.0,98.78589609840071,100.0,100.0,100.0,100.0,100.0,100.0,99.09542521902674,100.0,99.04332725830095,100.0,100.0,100.0,100.0,100.0,100.0,100.0,100.0,100.0,100.0,100.0,100.0,100.0,100.0,100.0,100.0,99.46091601281125,100.0,100.0,100.0,100.0,100.0,100.0,100.0,98.48063307816963,100.0,100.0,99.56620501447425,100.0,100.0,100.0,100.0,100.0,100.0,100.0,100.0,100.0,100.0,100.0,100.0,100.0,100.0,100.0,100.0,98.78589609840071,100.0,100.0,100.0,100.0,100.0,100.0,100.0,100.0,100.0,100.0,100.0,100.0,100.0,100.0,100.0,100.0,100.0,100.0,74.58686183887897,
Generation,9
# of Cells,512,74.58686183887897,100.0,100.0,100.0,100.0,100.0,98.88076685470486,100.0,100.0,100.0,100.0,100.0,100.0,100.0,100.0,100.0,100.0,100.0,100.0,99.50965588316505,100.0,100.0,100.0,100.0,100.0,100.0,100.0,100.0,100.0,100.0,100.0,100.0,99.60926480937897,100.0,100.0,100.0,100.0,100.0,100.0,100.0,100.0,100.0,100.0,100.0,100.0,100.0,100.0,100.0,100.0,100.0,100.0,100.0,100.0,100.0,99.46091601281125,100.0,100.0,98.86914336943981,100.0,100.0,100.0,100.0,98.88513439906001,100.0,100.0,100.0,99.09542521902674,100.0,99.14308054996924,100.0,100.0,100.0,100.0,100.0,100.0,100.0,100.0,100.0,100.0,99.60926480937897,100.0,100.0,100.0,100.0,100.0,100.0,100.0,100.0,100.0,100.0,100.0,100.0,100.0,100.0,100.0,100.0,97.97138179638083,100.0,100.0,100.0,100.0,100.0,100.0,100.0,100.0,100.0,100.0,100.0,100.0,100.0,100.0,100.0,100.0,100.0,100.0,99.52097358101645,100.0,100.0,100.0,100.0,100.0,100.0,99.14308054996924,100.0,100.0,100.0,98.86914336943981,100.0,100.0,100.0,100.0,100.0,100.0,100.0,100.0,100.0,100.0,100.0,100.0,100.0,100.0,100.0,100.0,100.0,98.40707582589123,100.0,100.0,100.0,100.0,100.0,100.0,100.0,100.0,100.0,100.0,100.0,100.0,100.0,98.40707582589123,100.0,100.0,100.0,100.0,100.0,100.0,98.88513439906001,100.0,100.0,100.0,100.0,97.97138179638083,100.0,100.0,100.0,100.0,100.0,100.0,100.0,100.0,100.0,100.0,100.0,98.78589609840071,100.0,100.0,100.0,100.0,100.0,100.0,100.0,100.0,100.0,100.0,100.0,100.0,100.0,100.0,100.0,100.0,100.0,100.0,100.0,100.0,100.0,100.0,100.0,100.0,100.0,99.46091601281125,100.0,100.0,100.0,100.0,100.0,100.0,100.0,100.0,98.48063307816963,100.0,100.0,100.0,100.0,100.0,100.0,100.0,100.0,100.0,100.0,100.0,100.0,100.0,100.0,100.0,100.0,100.0,100.0,100.0,98.78589609840071,100.0,100.0,100.0,100.0,100.0,100.0,100.0,100.0,100.0,100.0,100.0,100.0,100.0,100.0,100.0,100.0,100.0,100.0,98.88076685470486,100.0,100.0,100.0,100.0,100.0,100.0,100.0,98.57118537671536,98.83985043257096,100.0,99.29869723285587,100.0,100.0,100.0,100.0,100.0,100.0,100.0,100.0,99.56620501447425,100.0,100.0,100.0,100.0,100.0,100.0,100.0,100.0,100.0,100.0,100.0,100.0,100.0,100.0,100.0,100.0,100.0,100.0,100.0,100.0,100.0,100.0,100.0,100.0,100.0,100.0,100.0,100.0,100.0,100.0,100.0,100.0,100.0,100.0,100.0,100.0,100.0,100.0,100.0,100.0,100.0,100.0,100.0,100.0,99.52097358101645,100.0,100.0,100.0,100.0,100.0,100.0,100.0,100.0,100.0,100.0,100.0,100.0,100.0,98.48063307816963,100.0,100.0,100.0,98.66704984382356,100.0,100.0,100.0,100.0,100.0,100.0,100.0,100.0,100.0,100.0,100.0,100.0,98.33993148484798,100.0,100.0,100.0,99.29869723285587,100.0,99.22864190940048,100.0,100.0,100.0,99.32766683226339,100.0,100.0,100.0,100.0,100.0,100.0,100.0,100.0,100.0,100.0,99.22864190940048,100.0,100.0,100.0,97.91123529845345,100.0,100.0,100.0,100.0,100.0,100.0,100.0,100.0,100.0,100.0,100.0,100.0,98.83985043257096,100.0,98.66704984382356,100.0,100.0,100.0,100.0,100.0,100.0,100.0,100.0,100.0,100.0,100.0,100.0,99.32766683226339,98.57118537671536,97.91123529845345,100.0,100.0,100.0,100.0,99.50965588316505,100.0,100.0,100.0,99.04332725830095,100.0,100.0,98.33993148484798,100.0,100.0,100.0,100.0,100.0,100.0,100.0,100.0,100.0,100.0,100.0,100.0,100.0,100.0,100.0,100.0,100.0,100.0,100.0,100.0,100.0,100.0,100.0,100.0,99.09542521902674,100.0,100.0,99.04332725830095,100.0,100.0,100.0,100.0,100.0,100.0,100.0,100.0,100.0,100.0,100.0,100.0,100.0,100.0,100.0,100.0,100.0,100.0,100.0,100.0,100.0,100.0,100.0,100.0,100.0,100.0,99.56620501447425,100.0,100.0,100.0,100.0,100.0,100.0,100.0,100.0,100.0,100.0,100.0,100.0,100.0,100.0,100.0,100.0,100.0,100.0,100.0,100.0,100.0,100.0,100.0,100.0,100.0,100.0,100.0,100.0,100.0,100.0,100.0,100.0,100.0,100.0,100.0,100.0,74.58686183887897,
Generation,10
# of Cells,1024,74.58686183887897,100.0,100.0,100.0,100.0,100.0,98.88076685470486,100.0,100.0,100.0,100.0,100.0,100.0,100.0,100.0,100.0,100.0,100.0,100.0,100.0,100.0,100.0,100.0,100.0,100.0,100.0,100.0,100.0,100.0,100.0,100.0,100.0,99.60926480937897,100.0,100.0,100.0,100.0,100.0,100.0,100.0,100.0,100.0,100.0,100.0,100.0,100.0,100.0,100.0,100.0,100.0,100.0,100.0,100.0,100.0,100.0,99.46091601281125,100.0,100.0,100.0,100.0,100.0,100.0,100.0,98.88513439906001,100.0,100.0,99.09542521902674,100.0,99.14308054996924,100.0,100.0,100.0,100.0,100.0,100.0,100.0,100.0,100.0,100.0,100.0,100.0,100.0,100.0,100.0,100.0,100.0,100.0,100.0,100.0,100.0,100.0,100.0,100.0,100.0,100.0,100.0,100.0,97.97138179638083,100.0,100.0,100.0,100.0,100.0,100.0,100.0,100.0,100.0,100.0,100.0,100.0,100.0,100.0,100.0,100.0,100.0,100.0,100.0,100.0,100.0,100.0,100.0,100.0,100.0,99.14308054996924,100.0,100.0,100.0,98.86914336943981,100.0,100.0,100.0,100.0,100.0,100.0,100.0,100.0,100.0,100.0,100.0,100.0,100.0,100.0,100.0,100.0,98.40707582589123,100.0,100.0,100.0,100.0,100.0,100.0,100.0,100.0,100.0,100.0,100.0,100.0,100.0,100.0,98.40707582589123,100.0,100.0,100.0,100.0,100.0,100.0,100.0,100.0,100.0,100.0,100.0,97.97138179638083,100.0,100.0,100.0,100.0,100.0,100.0,100.0,100.0,100.0,100.0,98.78589609840071,100.0,100.0,100.0,100.0,100.0,100.0,100.0,100.0,100.0,100.0,100.0,100.0,100.0,100.0,100.0,100.0,100.0,100.0,100.0,100.0,100.0,100.0,100.0,100.0,100.0,100.0,99.46091601281125,100.0,100.0,100.0,100.0,100.0,100.0,100.0,100.0,100.0,100.0,100.0,100.0,100.0,100.0,100.0,100.0,100.0,100.0,100.0,100.0,100.0,100.0,100.0,100.0,100.0,100.0,100.0,100.0,100.0,100.0,100.0,100.0,100.0,100.0,100.0,100.0,100.0,100.0,100.0,100.0,100.0,100.0,100.0,100.0,100.0,100.0,98.88076685470486,100.0,100.0,100.0,100.0,100.0,100.0,100.0,98.57118537671536,100.0,100.0,100.0,100.0,100.0,100.0,100.0,100.0,100.0,100.0,100.0,99.56620501447425,100.0,100.0,100.0,100.0,100.0,100.0,100.0,100.0,100.0,100.0,100.0,100.0,100.0,100.0,100.0,100.0,100.0,100.0,100.0,100.0,100.0,100.0,100.0,100.0,100.0,100.0,100.0,100.0,100.0,100.0,100.0,100.0,100.0,100.0,100.0,100.0,100.0,100.0,100.0,100.0,100.0,100.0,100.0,100.0,100.0,100.0,100.0,100.0,100.0,100.0,100.0,100.0,100.0,100.0,100.0,100.0,100.0,100.0,100.0,100.0,100.0,100.0,100.0,100.0,100.0,100.0,100.0,100.0,100.0,100.0,100.0,100.0,100.0,100.0,100.0,100.0,98.33993148484798,100.0,100.0,100.0,99.29869723285587,100.0,99.22864190940048,100.0,100.0,99.32766683226339,100.0,100.0,100.0,100.0,100.0,100.0,100.0,100.0,100.0,100.0,100.0,100.0,100.0,100.0,100.0,100.0,100.0,100.0,100.0,100.0,100.0,100.0,100.0,100.0,100.0,100.0,100.0,100.0,98.83985043257096,100.0,98.66704984382356,100.0,100.0,100.0,100.0,100.0,100.0,100.0,100.0,100.0,100.0,100.0,100.0,98.57118537671536,100.0,100.0,100.0,100.0,100.0,99.50965588316505,100.0,100.0,100.0,100.0,99.04332725830095,100.0,100.0,100.0,100.0,100.0,100.0,100.0,100.0,100.0,100.0,100.0,100.0,100.0,100.0,100.0,100.0,100.0,100.0,100.0,100.0,100.0,100.0,100.0,100.0,100.0,100.0,99.09542521902674,100.0,100.0,100.0,100.0,100.0,100.0,100.0,100.0,100.0,100.0,100.0,100.0,100.0,100.0,100.0,100.0,100.0,100.0,100.0,100.0,100.0,100.0,100.0,100.0,100.0,100.0,100.0,100.0,100.0,99.56620501447425,100.0,100.0,100.0,100.0,100.0,100.0,100.0,100.0,100.0,100.0,100.0,100.0,100.0,100.0,100.0,100.0,100.0,100.0,100.0,100.0,100.0,100.0,100.0,100.0,100.0,100.0,100.0,100.0,100.0,100.0,100.0,100.0,100.0,100.0,100.0,100.0,100.0,100.0,100.0,100.0,100.0,100.0,100.0,100.0,100.0,100.0,100.0,100.0,100.0,100.0,100.0,100.0,100.0,100.0,100.0,100.0,99.50965588316505,100.0,100.0,100.0,100.0,100.0,100.0,100.0,100.0,100.0,100.0,100.0,100.0,100.0,100.0,100.0,100.0,100.0,100.0,100.0,100.0,100.0,100.0,100.0,100.0,100.0,100.0,100.0,100.0,100.0,100.0,100.0,100.0,100.0,100.0,100.0,100.0,100.0,98.86914336943981,100.0,100.0,100.0,100.0,100.0,100.0,100.0,100.0,100.0,100.0,100.0,100.0,100.0,100.0,100.0,100.0,100.0,100.0,100.0,100.0,99.60926480937897,100.0,100.0,100.0,100.0,100.0,100.0,100.0,100.0,100.0,100.0,100.0,100.0,100.0,100.0,100.0,100.0,100.0,100.0,100.0,100.0,100.0,100.0,100.0,100.0,100.0,100.0,100.0,100.0,100.0,100.0,100.0,100.0,100.0,100.0,100.0,100.0,99.52097358101645,100.0,100.0,100.0,100.0,100.0,100.0,100.0,100.0,100.0,100.0,100.0,100.0,100.0,100.0,100.0,100.0,100.0,100.0,100.0,100.0,100.0,100.0,100.0,100.0,100.0,100.0,100.0,100.0,100.0,100.0,100.0,100.0,100.0,100.0,100.0,100.0,100.0,100.0,100.0,100.0,100.0,100.0,100.0,100.0,100.0,100.0,100.0,100.0,98.88513439906001,100.0,100.0,100.0,100.0,100.0,100.0,100.0,100.0,100.0,100.0,100.0,100.0,100.0,100.0,100.0,100.0,100.0,100.0,100.0,100.0,100.0,100.0,100.0,100.0,100.0,100.0,100.0,100.0,100.0,100.0,100.0,100.0,100.0,100.0,100.0,100.0,100.0,100.0,100.0,100.0,100.0,100.0,100.0,100.0,100.0,100.0,100.0,100.0,100.0,100.0,100.0,100.0,98.48063307816963,100.0,100.0,100.0,100.0,100.0,100.0,100.0,100.0,100.0,100.0,100.0,100.0,100.0,100.0,100.0,100.0,100.0,100.0,100.0,98.78589609840071,100.0,100.0,100.0,100.0,100.0,100.0,100.0,100.0,100.0,100.0,100.0,100.0,100.0,100.0,100.0,100.0,100.0,100.0,100.0,100.0,100.0,100.0,100.0,100.0,100.0,100.0,100.0,98.83985043257096,99.29869723285587,100.0,100.0,100.0,100.0,100.0,100.0,100.0,100.0,100.0,100.0,100.0,100.0,100.0,100.0,100.0,100.0,100.0,100.0,100.0,100.0,100.0,100.0,100.0,100.0,100.0,100.0,100.0,100.0,100.0,100.0,100.0,100.0,100.0,100.0,100.0,100.0,100.0,100.0,100.0,100.0,100.0,100.0,100.0,100.0,100.0,100.0,100.0,100.0,100.0,100.0,100.0,100.0,100.0,100.0,99.52097358101645,100.0,100.0,100.0,100.0,100.0,100.0,100.0,100.0,100.0,100.0,100.0,100.0,100.0,98.48063307816963,100.0,100.0,100.0,98.66704984382356,100.0,100.0,100.0,100.0,100.0,100.0,100.0,100.0,100.0,100.0,100.0,100.0,100.0,100.0,100.0,100.0,100.0,100.0,100.0,100.0,100.0,100.0,100.0,100.0,100.0,100.0,100.0,100.0,100.0,100.0,100.0,100.0,100.0,99.22864190940048,100.0,100.0,97.91123529845345,100.0,100.0,100.0,100.0,100.0,100.0,100.0,100.0,100.0,100.0,100.0,100.0,100.0,100.0,100.0,100.0,100.0,100.0,100.0,100.0,100.0,100.0,100.0,100.0,100.0,100.0,100.0,100.0,99.32766683226339,97.91123529845345,100.0,100.0,100.0,100.0,100.0,100.0,100.0,100.0,100.0,100.0,100.0,98.33993148484798,100.0,100.0,100.0,100.0,100.0,100.0,100.0,100.0,100.0,100.0,100.0,100.0,100.0,100.0,100.0,100.0,100.0,100.0,100.0,100.0,100.0,100.0,100.0,100.0,100.0,100.0,100.0,100.0,99.04332725830095,100.0,100.0,100.0,100.0,100.0,100.0,100.0,100.0,100.0,100.0,100.0,100.0,100.0,100.0,100.0,100.0,100.0,100.0,100.0,100.0,100.0,100.0,100.0,100.0,100.0,100.0,100.0,100.0,100.0,100.0,100.0,100.0,100.0,100.0,100.0,100.0,100.0,100.0,100.0,100.0,100.0,100.0,100.0,100.0,100.0,100.0,100.0,100.0,100.0,100.0,100.0,100.0,100.0,100.0,100.0,100.0,100.0,100.0,100.0,100.0,100.0,100.0,100.0,74.58686183887897,
LINEAGE,2
Generation,0
# of Cells,1,0.0
Generation,1
# of Cells,2,50.0,50.0,
Generation,2
# of Cells,4,65.6472803073359,84.3527196926641,85.95583790985403,64.04416209014597,
Generation,3
# of Cells,8,70.09856525047424,95.54871505686167,89.01624625482776,96.93959165502626,89.43457392657538,94.91814576608871,92.4661832790162,71.57797881112975,
Generation,4
# of Cells,16,73.4065326527513,96.69203259772294,94.34223665098995,94.67400960383782,92.95091792211926,96.48365600445614,100.0,92.4661832790162,97.05431584842268,98.49439920843898,98.33005938225106,98.6095322727752,98.34168286751611,96.5764628985726,99.22864190940048,72.34933690172926,
Generation,5
# of Cells,32,73.4065326527513,100.0,95.90045886816483,98.44177778282511,97.32048351074059,95.63043441137867,100.0,100.0,97.91123529845345,99.14308054996924,98.86914336943981,99.46091601281125,98.34168286751611,100.0,100.0,99.22864190940048,98.33993148484798,98.35210111287496,96.70262780745699,97.97138179638083,96.48365600445614,100.0,97.72061728727581,94.7455659917404,99.60926480937897,98.88513439906001,99.04332725830095,99.56620501447425,96.5764628985726,100.0,99.09542521902674,73.25391168270255,
Generation,6
# of Cells,64,74.58686183887897,98.81967081387232,98.00160665918608,97.89885220897875,98.48063307816963,98.83985043257096,100.0,100.0,97.91123529845345,100.0,100.0,98.86914336943981,98.34168286751611,100.0,100.0,100.0,100.0,98.33993148484798,98.78589609840071,97.91673170905628,98.57118537671536,97.91247062774076,97.72061728727581,100.0,100.0,99.60926480937897,100.0,99.04332725830095,96.5764628985726,100.0,99.09542521902674,100.0,100.0,100.0,99.14308054996924,99.29869723285587,98.55630874166387,97.07412566971479,100.0,100.0,99.14308054996924,100.0,100.0,99.46091601281125,100.0,100.0,100.0,99.22864190940048,98.35210111287496,100.0,100.0,97.97138179638083,100.0,100.0,99.60926480937897,95.13630118236144,100.0,98.88513439906001,100.0,99.56620501447425,100.0,100.0,100.0,73.25391168270255,
Generation,7
# of Cells,128,74.58686183887897,100.0,98.00160665918608,100.0,98.48063307816963,100.0,100.0,100.0,100.0,97.91123529845345,100.0,100.0,100.0,98.34168286751611,100.0,100.0,100.0,100.0,100.0,98.78589609840071,98.57118537671536,100.0,98.83985043257096,98.88076685470486,100.0,100.0,100.0,100.0,97.97138179638083,98.60508110219179,99.09542521902674,100.0,100.0,100.0,100.0,99.14308054996924,99.22864190940048,99.32766683226339,100.0,100.0,99.14308054996924,100.0,100.0,100.0,100.0,100.0,100.0,100.0,98.78589609840071,99.56620501447425,100.0,100.0,100.0,100.0,99.60926480937897,100.0,100.0,100.0,100.0,100.0,100.0,100.0,100.0,100.0,99.52097358101645,99.29869723285587,97.89885220897875,100.0,98.83985043257096,100.0,100.0,100.0,100.0,100.0,100.0,98.86914336943981,100.0,100.0,100.0,100.0,100.0,98.33993148484798,97.91673170905628,100.0,100.0,97.91247062774076,100.0,100.0,100.0,99.60926480937897,99.04332725830095,100.0,100.0,100.0,100.0,100.0,100.0,100.0,100.0,99.29869723285587,98.66704984382356,98.40707582589123,100.0,100.0,100.0,100.0,99.46091601281125,100.0,100.0,100.0,99.22864190940048,100.0,100.0,100.0,97.97138179638083,100.0,100.0,100.0,97.91123529845345,97.22506588390799,100.0,98.88513439906001,100.0,99.56620501447425,100.0,100.0,100.0,73.25391168270255,
Generation,8
# of Cells,256,74.58686183887897,100.0,100.0,98.00160665918608,100.0,98.48063307816963,100.0,100.0,100.0,100.0,100.0,100.0,100.0,100.0,100.0,100.0,100.0,100.0,100.0,100.0,98.57118537671536,100.0,98.83985043257096,100.0,100.0,100.0,100.0,100.0,100.0,97.97138179638083,100.0,99.09542521902674,100.0,100.0,100.0,100.0,99.22864190940048,100.0,100.0,100.0,100.0,99.14308054996924,100.0,100.0,100.0,100.0,100.0,100.0,98.78589609840071,100.0,100.0,100.0,100.0,100.0,99.60926480937897,100.0,100.0,100.0,100.0,100.0,100.0,100.0,100.0,100.0,99.52097358101645,100.0,99.32766683226339,98.57118537671536,98.83985043257096,100.0,100.0,100.0,100.0,100.0,100.0,100.0,100.0,100.0,100.0,100.0,100.0,100.0,98.40707582589123,99.50965588316505,100.0,100.0,100.0,100.0,100.0,100.0,99.04332725830095,100.0,100.0,100.0,100.0,100.0,100.0,100.0,100.0,100.0,98.66704984382356,100.0,100.0,100.0,100.0,100.0,99.46091601281125,100.0,100.0,100.0,100.0,99.22864190940048,100.0,100.0,100.0,97.97138179638083,100.0,100.0,100.0,97.91123529845345,100.0,100.0,100.0,100.0,100.0,100.0,100.0,100.0,100.0,100.0,100.0,100.0,100.0,100.0,100.0,100.0,97.91123529845345,100.0,100.0,100.0,98.34168286751611,100.0,100.0,100.0,100.0,100.0,98.78589609840071,100.0,100.0,100.0,100.0,98.88076685470486,100.0,100.0,100.0,100.0,99.50965588316505,99.09542521902674,100.0,100.0,100.0,100.0,99.14308054996924,100.0,100.0,99.32766683226339,100.0,100.0,100.0,100.0,100.0,100.0,100.0,100.0,100.0,100.0,100.0,99.56620501447425,100.0,100.0,100.0,100.0,100.0,100.0,100.0,100.0,100.0,100.0,100.0,100.0,100.0,100.0,100.0,99.29869723285587,100.0,100.0,100.0,100.0,100.0,100.0,100.0,100.0,100.0,98.86914336943981,100.0,100.0,100.0,100.0,98.33993148484798,100.0,100.0,100.0,98.86914336943981,99.04332725830095,100.0,100.0,100.0,99.60926480937897,100.0,100.0,100.0,100.0,100.0,100.0,100.0,100.0,99.29869723285587,100.0,98.40707582589123,100.0,100.0,100.0,100.0,100.0,100.0,100.0,100.0,100.0,100.0,100.0,100.0,100.0,100.0,100.0,100.0,100.0,100.0,97.22506588390799,100.0,98.88513439906001,99.56620501447425,100.0,100.0,100.0,100.0,73.25391168270255,
Generation,9
# of Cells,512,74.58686183887897,100.0,100.0,100.0,100.0,100.0,100.0,100.0,100.0,100.0,100.0,100.0,100.0,100.0,100.0,100.0,100.0,100.0,100.0,100.0,98.57118537671536,100.0,100.0,98.83985043257096,100.0,100.0,100.0,100.0,100.0,100.0,100.0,100.0,100.0,100.0,100.0,100.0,99.22864190940048,100.0,100.0,100.0,100.0,100.0,100.0,100.0,100.0,100.0,100.0,100.0,98.78589609840071,100.0,100.0,100.0,100.0,100.0,100.0,99.60926480937897,100.0,100.0,100.0,100.0,100.0,100.0,100.0,100.0,99.52097358101645,100.0,99.32766683226339,100.0,100.0,98.83985043257096,100.0,100.0,100.0,100.0,100.0,100.0,100.0,100.0,100.0,100.0,100.0,100.0,98.40707582589123,100.0,100.0,100.0,100.0,100.0,100.0,100.0,100.0,99.04332725830095,100.0,100.0,100.0,100.0,100.0,100.0,100.0,100.0,98.66704984382356,100.0,100.0,100.0,100.0,100.0,99.46091601281125,100.0,100.0,100.0,100.0,100.0,100.0,100.0,100.0,100.0,100.0,100.0,100.0,100.0,100.0,100.0,100.0,100.0,100.0,100.0,100.0,100.0,100.0,100.0,100.0,100.0,100.0,100.0,100.0,100.0,100.0,97.91123529845345,100.0,100.0,99.46091601281125,98.88076685470486,100.0,100.0,100.0,100.0,98.78589609840071,100.0,100.0,100.0,100.0,100.0,100.0,100.0,100.0,100.0,99.50965588316505,100.0,100.0,100.0,100.0,100.0,99.14308054996924,100.0,100.0,100.0,100.0,100.0,100.0,100.0,100.0,100.0,100.0,100.0,100.0,100.0,100.0,100.0,100.0,100.0,100.0,100.0,100.0,100.0,100.0,100.0,100.0,100.0,100.0,100.0,100.0,100.0,100.0,100.0,100.0,100.0,100.0,100.0,100.0,100.0,100.0,100.0,100.0,100.0,100.0,100.0,100.0,100.0,100.0,98.33993148484798,100.0,100.0,98.86914336943981,100.0,100.0,100.0,100.0,100.0,100.0,100.0,100.0,100.0,100.0,100.0,100.0,100.0,100.0,99.29869723285587,100.0,98.40707582589123,100.0,100.0,100.0,100.0,100.0,100.0,100.0,100.0,100.0,100.0,100.0,100.0,100.0,100.0,100.0,100.0,100.0,100.0,100.0,100.0,100.0,99.56620501447425,100.0,100.0,100.0,100.0,100.0,100.0,99.52097358101645,98.48063307816963,98.48063307816963,100.0,100.0,100.0,100.0,100.0,100.0,100.0,100.0,100.0,100.0,100.0,100.0,100.0,100.0,100.0,100.0,100.0,100.0,100.0,100.0,100.0,100.0,100.0,97.97138179638083,100.0,100.0,99.09542521902674,100.0,100.0,100.0,100.0,100.0,100.0,100.0,100.0,100.0,99.14308054996924,100.0,100.0,100.0,100.0,100.0,100.0,100.0,100.0,100.0,100.0,100.0,100.0,100.0,100.0,100.0,100.0,100.0,100.0,100.0,100.0,100.0,100.0,100.0,100.0,100.0,98.57118537671536,100.0,100.0,100.0,100.0,100.0,100.0,100.0,100.0,100.0,100.0,100.0,100.0,100.0,100.0,99.50965588316505,100.0,100.0,100.0,100.0,100.0,100.0,100.0,100.0,100.0,100.0,100.0,100.0,100.0,100.0,100.0,100.0,100.0,100.0,100.0,100.0,100.0,100.0,100.0,100.0,100.0,100.0,100.0,100.0,99.22864190940048,100.0,100.0,97.97138179638083,100.0,100.0,100.0,97.91123529845345,100.0,100.0,100.0,100.0,100.0,100.0,100.0,100.0,100.0,100.0,100.0,100.0,100.0,100.0,100.0,100.0,100.0,100.0,100.0,100.0,100.0,100.0,100.0,100.0,100.0,100.0,100.0,100.0,100.0,100.0,100.0,98.88076685470486,100.0,100.0,100.0,100.0,100.0,100.0,99.09542521902674,100.0,100.0,100.0,100.0,100.0,100.0,100.0,99.32766683226339,100.0,100.0,100.0,100.0,100.0,100.0,100.0,100.0,100.0,100.0,100.0,99.56620501447425,100.0,100.0,100.0,100.0,100.0,100.0,100.0,100.0,100.0,100.0,100.0,100.0,100.0,100.0,100.0,99.29869723285587,100.0,100.0,100.0,100.0,100.0,100.0,100.0,100.0,100.0,98.86914336943981,100.0,100.0,100.0,100.0,100.0,100.0,100.0,100.0,99.04332725830095,100.0,100.0,100.0,99.60926480937897,100.0,100.0,100.0,100.0,100.0,100.0,100.0,100.0,100.0,100.0,100.0,100.0,100.0,100.0,100.0,100.0,100.0,100.0,100.0,100.0,100.0,100.0,100.0,100.0,100.0,100.0,100.0,100.0,100.0,97.22506588390799,100.0,98.88513439906001,100.0,100.0,100.0,100.0,100.0,98.66704984382356,74.58686183887897,
Generation,10
# of Cells,1024,74.58686183887897,100.0,100.0,100.0,100.0,100.0,100.0,100.0,100.0,100.0,100.0,100.0,100.0,100.0,100.0,100.0,100.0,100.0,100.0,100.0,98.57118537671536,100.0,100.0,100.0,100.0,100.0,100.0,100.0,100.0,100.0,100.0,100.0,100.0,100.0,100.0,100.0,100.0,99.22864190940048,100.0,100.0,100.0,100.0,100.0,100.0,100.0,100.0,100.0,100.0,98.78589609840071,100.0,100.0,100.0,100.0,100.0,100.0,100.0,100.0,100.0,100.0,100.0,100.0,100.0,100.0,100.0,99.52097358101645,100.0,100.0,99.32766683226339,100.0,100.0,100.0,100.0,100.0,100.0,100.0,100.0,100.0,100.0,100.0,100.0,100.0,100.0,98.40707582589123,100.0,100.0,100.0,100.0,100.0,100.0,100.0,100.0,100.0,100.0,100.0,100.0,100.0,100.0,100.0,100.0,100.0,98.66704984382356,100.0,100.0,100.0,100.0,100.0,100.0,99.46091601281125,100.0,100.0,100.0,100.0,100.0,100.0,100.0,100.0,100.0,100.0,100.0,100.0,100.0,100.0,100.0,100.0,100.0,100.0,100.0,100.0,100.0,100.0,100.0,100.0,100.0,100.0,100.0,100.0,100.0,100.0,100.0,100.0,100.0,99.46091601281125,100.0,100.0,100.0,100.0,98.78589609840071,100.0,100.0,100.0,100.0,100.0,100.0,100.0,100.0,100.0,100.0,99.50965588316505,100.0,100.0,100.0,100.0,100.0,99.14308054996924,100.0,100.0,100.0,100.0,100.0,100.0,100.0,100.0,100.0,100.0,100.0,100.0,100.0,100.0,100.0,100.0,100.0,100.0,100.0,100.0,100.0,100.0,100.0,100.0,100.0,100.0,100.0,100.0,100.0,100.0,100.0,100.0,100.0,100.0,100.0,100.0,100.0,100.0,100.0,100.0,100.0,100.0,100.0,100.0,100.0,100.0,100.0,100.0,98.86914336943981,100.0,100.0,100.0,100.0,100.0,100.0,100.0,100.0,100.0,100.0,100.0,100.0,100.0,100.0,100.0,100.0,100.0,100.0,100.0,100.0,100.0,100.0,100.0,100.0,100.0,100.0,100.0,100.0,100.0,100.0,100.0,100.0,100.0,100.0,100.0,100.0,100.0,100.0,100.0,100.0,100.0,100.0,100.0,100.0,100.0,99.52097358101645,100.0,100.0,98.48063307816963,100.0,100.0,100.0,100.0,100.0,100.0,100.0,100.0,100.0,100.0,100.0,100.0,100.0,100.0,100.0,100.0,100.0,100.0,100.0,100.0,100.0,100.0,97.97138179638083,100.0,100.0,100.0,100.0,100.0,100.0,100.0,100.0,100.0,100.0,100.0,100.0,100.0,100.0,100.0,100.0,100.0,100.0,100.0,100.0,100.0,100.0,100.0,100.0,100.0,100.0,100.0,100.0,100.0,100.0,100.0,100.0,100.0,100.0,100.0,100.0,100.0,100.0,100.0,100.0,100.0,100.0,100.0,100.0,100.0,100.0,100.0,100.0,100.0,100.0,100.0,100.0,100.0,100.0,99.50965588316505,100.0,100.0,100.0,100.0,100.0,100.0,100.0,100.0,100.0,100.0,100.0,100.0,100.0,100.0,100.0,100.0,100.0,100.0,100.0,100.0,100.0,100.0,100.0,100.0,100.0,100.0,100.0,100.0,100.0,100.0,100.0,97.97138179638083,100.0,100.0,97.91123529845345,100.0,100.0,100.0,100.0,100.0,100.0,100.0,100.0,100.0,100.0,100.0,100.0,100.0,100.0,100.0,100.0,100.0,100.0,100.0,100.0,100.0,100.0,100.0,100.0,100.0,100.0,100.0,100.0,100.0,100.0,100.0,100.0,98.88076685470486,100.0,100.0,100.0,100.0,100.0,100.0,100.0,100.0,100.0,100.0,100.0,100.0,100.0,100.0,100.0,100.0,100.0,100.0,100.0,100.0,100.0,100.0,100.0,100.0,100.0,100.0,100.0,100.0,100.0,100.0,100.0,100.0,100.0,100.0,100.0,100.0,100.0,100.0,100.0,100.0,100.0,100.0,100.0,100.0,100.0,100.0,100.0,100.0,100.0,100.0,100.0,100.0,100.0,100.0,100.0,100.0,100.0,100.0,100.0,100.0,100.0,99.04332725830095,100.0,100.0,99.60926480937897,100.0,100.0,100.0,100.0,100.0,100.0,100.0,100.0,100.0,100.0,100.0,100.0,100.0,100.0,100.0,100.0,100.0,100.0,100.0,100.0,100.0,100.0,100.0,100.0,100.0,100.0,100.0,100.0,100.0,97.22506588390799,100.0,98.88513439906001,100.0,100.0,100.0,100.0,100.0,100.0,98.66704984382356,100.0,100.0,100.0,100.0,100.0,100.0,100.0,100.0,100.0,100.0,100.0,100.0,100.0,100.0,100.0,100.0,100.0,100.0,100.0,100.0,100.0,100.0,98.83985043257096,100.0,100.0,100.0,100.0,100.0,100.0,100.0,100.0,100.0,100.0,100.0,100.0,100.0,100.0,100.0,100.0,100.0,100.0,100.0,100.0,100.0,100.0,100.0,100.0,100.0,100.0,100.0,100.0,100.0,100.0,100.0,100.0,99.60926480937897,100.0,100.0,100.0,100.0,100.0,100.0,100.0,100.0,100.0,100.0,100.0,100.0,100.0,98.83985043257096,100.0,100.0,100.0,100.0,100.0,100.0,100.0,100.0,100.0,100.0,100.0,100.0,100.0,100.0,100.0,100.0,100.0,100.0,100.0,100.0,100.0,99.04332725830095,100.0,100.0,100.0,100.0,100.0,100.0,100.0,100.0,100.0,100.0,100.0,100.0,100.0,100.0,100.0,100.0,100.0,100.0,100.0,100.0,100.0,100.0,100.0,100.0,100.0,100.0,100.0,100.0,100.0,100.0,100.0,100.0,100.0,100.0,100.0,100.0,100.0,100.0,100.0,100.0,100.0,100.0,100.0,100.0,97.91123529845345,100.0,100.0,100.0,98.88076685470486,100.0,100.0,100.0,100.0,100.0,100.0,100.0,100.0,100.0,100.0,100.0,100.0,100.0,100.0,100.0,100.0,100.0,100.0,100.0,100.0,100.0,100.0,100.0,100.0,100.0,100.0,100.0,100.0,100.0,100.0,100.0,100.0,100.0,100.0,100.0,100.0,100.0,100.0,100.0,100.0,100.0,100.0,100.0,100.0,100.0,100.0,100.0,100.0,100.0,100.0,100.0,100.0,100.0,100.0,100.0,100.0,100.0,100.0,100.0,100.0,100.0,100.0,100.0,100.0,100.0,100.0,100.0,98.33993148484798,100.0,100.0,100.0,100.0,100.0,100.0,100.0,100.0,100.0,100.0,100.0,100.0,100.0,100.0,100.0,100.0,100.0,99.29869723285587,100.0,98.40707582589123,100.0,100.0,100.0,100.0,100.0,100.0,100.0,100.0,100.0,100.0,100.0,100.0,100.0,100.0,100.0,100.0,100.0,100.0,100.0,100.0,100.0,99.56620501447425,100.0,100.0,100.0,100.0,100.0,100.0,100.0,98.48063307816963,100.0,100.0,100.0,100.0,100.0,100.0,100.0,100.0,100.0,100.0,100.0,100.0,100.0,100.0,100.0,100.0,100.0,100.0,100.0,100.0,100.0,100.0,100.0,100.0,100.0,100.0,100.0,100.0,99.09542521902674,100.0,100.0,100.0,100.0,100.0,100.0,100.0,100.0,99.14308054996924,100.0,100.0,100.0,100.0,100.0,100.0,100.0,100.0,100.0,100.0,100.0,100.0,100.0,100.0,100.0,100.0,100.0,100.0,100.0,100.0,100.0,100.0,100.0,100.0,100.0,100.0,98.57118537671536,100.0,100.0,100.0,100.0,100.0,100.0,100.0,100.0,100.0,100.0,100.0,100.0,100.0,100.0,100.0,100.0,100.0,100.0,100.0,100.0,100.0,100.0,100.0,100.0,100.0,100.0,100.0,100.0,100.0,100.0,100.0,100.0,100.0,100.0,100.0,100.0,100.0,100.0,100.0,100.0,100.0,100.0,99.22864190940048,100.0,100.0,100.0,100.0,100.0,100.0,100.0,100.0,100.0,100.0,100.0,100.0,100.0,100.0,100.0,100.0,100.0,100.0,100.0,100.0,100.0,100.0,100.0,100.0,100.0,100.0,100.0,100.0,100.0,100.0,100.0,100.0,100.0,100.0,100.0,100.0,100.0,100.0,100.0,100.0,100.0,100.0,100.0,100.0,100.0,99.09542521902674,100.0,100.0,100.0,100.0,100.0,100.0,100.0,100.0,99.32766683226339,100.0,100.0,100.0,100.0,100.0,100.0,100.0,100.0,100.0,100.0,99.56620501447425,100.0,100.0,100.0,100.0,100.0,100.0,100.0,100.0,100.0,100.0,100.0,100.0,100.0,100.0,100.0,100.0,99.29869723285587,100.0,100.0,100.0,100.0,100.0,100.0,100.0,100.0,98.86914336943981,100.0,100.0,100.0,100.0,100.0,100.0,100.0,100.0,100.0,100.0,100.0,100.0,100.0,100.0,100.0,100.0,100.0,100.0,100.0,100.0,100.0,100.0,100.0,100.0,100.0,100.0,100.0,100.0,100.0,100.0,100.0,100.0,100.0,100.0,100.0,100.0,100.0,100.0,100.0,100.0,100.0,100.0,100.0,100.0,100.0,100.0,100.0,100.0,100.0,100.0,100.0,100.0,74.58686183887897,
